# Host: localhost  (Version 5.5.5-10.1.16-MariaDB)
# Date: 2017-02-17 17:59:14
# Generator: MySQL-Front 6.0  (Build 1.14)

/*!40101 SET NAMES utf8 */;

#
# Structure for table "espacos"
#

CREATE TABLE `espacos` (
  `id` int(11) NOT NULL AUTO_INCREMENT,
  `nome` varchar(255) DEFAULT NULL,
  `descricao` text,
  PRIMARY KEY (`id`)
) ENGINE=InnoDB AUTO_INCREMENT=4 DEFAULT CHARSET=utf8;

#
# Data for table "espacos"
#

INSERT INTO `espacos` VALUES (1,'STI - Sessão de Tecnologia da Informação','<p>Se&ccedil;&atilde;o de Tecnologia da Informa&ccedil;&atilde;o - STI</p>\r\n\r\n<p>Redes, telefonia e comunica&ccedil;&atilde;o</p>\r\n\r\n<p><strong>Gilberto Rodrigues Silveira</strong><br />\r\nT&eacute;cnico de Tecnologia da Informa&ccedil;&atilde;o<br />\r\n<em>Chefe da Se&ccedil;&atilde;o de Tecnologia da Informa&ccedil;&atilde;o</em><br />\r\nE-mail:&nbsp;gilberto.rodrigues@ufes.br(link sends e-mail)<br />\r\nContato: +55 (28) 3552 8722&nbsp;&nbsp;</p>\r\n\r\n<p>Desenvolvimento e sistemas</p>\r\n\r\n<p><strong>Felipe Fernandes Secato</strong></p>\r\n\r\n<p>T&eacute;cnico de Tecnologia da Informa&ccedil;&atilde;o</p>\r\n\r\n<p>E-mail:&nbsp;felipe.secato@ufes.br(link sends e-mail)</p>\r\n\r\n<p>Contato: +55 (28) 3552 8723</p>\r\n\r\n<p>Suporte ao usu&aacute;rio e laborat&oacute;rios</p>\r\n\r\n<p><strong>Keila Brito Vargas</strong></p>\r\n\r\n<p>T&eacute;cnico de Laborat&oacute;rio/&aacute;rea: Inform&aacute;tica</p>\r\n\r\n<p>E-mail:keila.vargas@ufes.br(link sends e-mail)</p>\r\n\r\n<p>Contato: +55 (28) 3552 8722</p>\r\n\r\n<p>Suporte ao usu&aacute;rio e apoio administrativo</p>\r\n\r\n<p><strong>Kleyton Barcelos Rangel de Oliveira</strong></p>\r\n\r\n<p>T&eacute;cnico de Laborat&oacute;rio/&aacute;rea: Inform&aacute;tica</p>\r\n\r\n<p>E-mail:&nbsp;kleyton.oliveira@ufes.br(link sends e-mail)</p>\r\n\r\n<p>Contato: +55 (28) 3552 8962</p>\r\n\r\n<p>&nbsp;</p>'),(2,'Almoxarifado (Seção de Materiais)','<p>Se&ccedil;&atilde;o de Materiais (Almoxarifado)</p>\r\n\r\n<p>&Eacute;&nbsp;o setor respons&aacute;vel&nbsp;pelo recebimento, guarda e distribui&ccedil;&atilde;o dos materiais adquiridos. O Almoxarifado est&aacute; ligado &agrave; Se&ccedil;&atilde;o de Materiais do Departamento de Suporte Administrativo&nbsp;do campus de Alegre e fica localizado atr&aacute;s do Pr&eacute;dio do Cread.</p>\r\n\r\n<p>A entrega de materiais &eacute; realizada somente nas&nbsp;<strong>segundas</strong>,&nbsp;<strong>quartas</strong>&nbsp;e&nbsp;<strong>sextas</strong>, das 08 &agrave;s 10h30min.</p>\r\n\r\n<p><strong>Se&ccedil;&atilde;o de Materiais</strong></p>\r\n\r\n<p>Leonardo Portela Carvalho<br />\r\nE-mail:&nbsp;leonardo.carvalho@ufes.br(link sends e-mail)<br />\r\nTelefone: 28 3552 8942</p>\r\n\r\n<p><strong>Almoxarife</strong></p>\r\n\r\n<p>Dulcin&eacute;a Manh&atilde;es Nascimento<br />\r\nEmail:&nbsp;dulcineamanhaes@yahoo.com.br(link sends e-mail)<br />\r\nTelefone: + 55 28 3552 8942</p>'),(3,'DSG - Departamento de Suporte à Gestão','<p>Departamento de Suporte &agrave; Gest&atilde;o</p>\r\n\r\n<p>O Departamento de Suporte &agrave; Gest&atilde;o tem como principal objetivo assessorar as Dire&ccedil;&otilde;es dos Centros no planejamento, avalia&ccedil;&atilde;o, controle e tomada de decis&atilde;o. Nesse intuito,&nbsp;nossas a&ccedil;&otilde;es s&atilde;o baseadas nos conceitos da supremacia do interesse p&uacute;blico e na continuidade dos servi&ccedil;os.</p>\r\n\r\n<p>&nbsp;</p>\r\n\r\n<p>Para a execu&ccedil;&atilde;o de nossas atividades utilizamos algumas ferramentas e valores como: processos e informa&ccedil;&otilde;es, valoriza&ccedil;&atilde;o das pessoas, agilidade, foco no resultado, controle social e gest&atilde;o participativa.&nbsp;</p>\r\n\r\n<p>Atribui&ccedil;&otilde;es espec&iacute;ficas</p>\r\n\r\n<ul>\r\n\t<li>Planejar e coordenar estudos estrat&eacute;gicos a fim de subsidiar a Dire&ccedil;&atilde;o do Centro na elabora&ccedil;&atilde;o, implementa&ccedil;&atilde;o e no acompanhamento dos planos estrat&eacute;gicos e das pol&iacute;ticas de desenvolvimento institucional;</li>\r\n\t<li>Implementar e acompanhar a execu&ccedil;&atilde;o or&ccedil;ament&aacute;ria do Centro;</li>\r\n\t<li>Planejar, coordenar e controlar as atividades referentes &agrave; Gest&atilde;o de Pessoas;</li>\r\n\t<li>Promover a integra&ccedil;&atilde;o e apoiar tecnicamente as unidades acad&ecirc;micas e administrativas do Centro em rela&ccedil;&atilde;o ao desenvolvimento organizacional, avalia&ccedil;&atilde;o, sistematiza&ccedil;&atilde;o e divulga&ccedil;&atilde;o interna e externa de informa&ccedil;&otilde;es para a tomada de decis&atilde;o;</li>\r\n\t<li>Proporcionar a comunica&ccedil;&atilde;o interna e externa, coletando, selecionando e organizando assuntos a serem divulgados em m&iacute;dias sociais (Fanpage, Google+ etc) e portal de Alegre (www.alegre.ufes.br(link is external));</li>\r\n\t<li>Contribuir para a divulga&ccedil;&atilde;o dos Cursos de Gradua&ccedil;&atilde;o e P&oacute;s-Gradua&ccedil;&atilde;o do Centro, bem como suas produ&ccedil;&otilde;es t&eacute;cnico-cient&iacute;ficas;</li>\r\n\t<li>Atuar em conjunto com as demais unidades, sob orienta&ccedil;&atilde;o da Dire&ccedil;&atilde;o do Centro, na capta&ccedil;&atilde;o de recursos.</li>\r\n</ul>\r\n\r\n<p>Equipe</p>\r\n\r\n<p><strong>Diretor do Departamento de Suporte &agrave; Gest&atilde;o</strong></p>\r\n\r\n<p>Paulo Alexandre Lobato</p>\r\n\r\n<p>E-mail:&nbsp;paulo.lobato@ufes.br(link sends e-mail)&nbsp;</p>\r\n\r\n<p>Telefone: +55 28 3552 8951</p>\r\n\r\n<p><strong>Secretaria executiva e comunica&ccedil;&atilde;o</strong><br />\r\nJosil&eacute;ia Curty de Oliveira<br />\r\nE-mail:&nbsp;josileia.oliveira@ufes.br(link sends e-mail)&nbsp;/&nbsp;comunicacao.alegre@ufes.br(link sends e-mail)<br />\r\nTelefone: +55 28 3552 8962</p>\r\n\r\n<p><strong>Se&ccedil;&atilde;o de Aten&ccedil;&atilde;o &agrave; Sa&uacute;de e Assist&ecirc;ncia Social</strong>(link is external)<br />\r\nChefe do setor: Ana Cl&aacute;udia Gama Barreto<br />\r\nE-mail:&nbsp;ana.c.barreto@ufes.br(link sends e-mail)<br />\r\nTelefone: +55 28 3552 8807</p>\r\n\r\n<p><strong>Se&ccedil;&atilde;o de Gest&atilde;o de Pessoas(link is external)</strong><br />\r\nChefe do setor: Ligiane Bornela de Souza Andrade<br />\r\nE-mail:&nbsp;ligiane.souza@ufes.br(link sends e-mail)<br />\r\nTelefone: +55 28 3552 8740</p>\r\n\r\n<p><strong>Secretaria &Uacute;nica de Gradua&ccedil;&atilde;o</strong>(link is external)<br />\r\nChefe do setor: Helbert Ramanhole de Vargas<br />\r\nE-mail:helbert.vargas@ufes.br(link sends e-mail)<br />\r\nTelefone: +55 28 3552 8915</p>\r\n\r\n<p><strong>Se&ccedil;&atilde;o de Tecnologia da Informa&ccedil;&atilde;o(link is external)</strong><br />\r\nChefe do setor: Gilberto Rodrigues Silveira<br />\r\nE-mail:&nbsp;gilberto.silveira@ufes.br(link sends e-mail)<br />\r\nTelefone: +55 28 3552 8722</p>\r\n\r\n<p>&nbsp;</p>');

#
# Structure for table "espacos_usuarios"
#

CREATE TABLE `espacos_usuarios` (
  `espaco_id` int(11) NOT NULL,
  `usuario_id` int(11) NOT NULL,
  `chefe` int(1) NOT NULL DEFAULT '0',
  KEY `espaco_id` (`espaco_id`)
) ENGINE=InnoDB DEFAULT CHARSET=utf8;

#
# Data for table "espacos_usuarios"
#

INSERT INTO `espacos_usuarios` VALUES (1,10,0),(3,11,0),(1,11,1),(3,11,1),(2,12,0),(1,12,1),(2,12,1),(2,10,1);

#
# Structure for table "rotinas"
#

CREATE TABLE `rotinas` (
  `id` int(11) NOT NULL AUTO_INCREMENT,
  `parent_id` int(11) DEFAULT NULL,
  `usuario_id` int(11) DEFAULT NULL,
  `espaco_id` int(11) NOT NULL,
  `nome` varchar(255) DEFAULT NULL,
  `definicao` text,
  `tipo` varchar(30) NOT NULL DEFAULT 'interno',
  `fluxo` text,
  `descricao` text,
  `data_update` datetime NOT NULL DEFAULT '0000-00-00 00:00:00' ON UPDATE CURRENT_TIMESTAMP,
  `status` varchar(30) DEFAULT NULL,
  PRIMARY KEY (`id`)
) ENGINE=InnoDB AUTO_INCREMENT=11 DEFAULT CHARSET=utf8;

#
# Data for table "rotinas"
#

INSERT INTO `rotinas` VALUES (1,NULL,10,1,'Formatação de PC','aaa','interno',NULL,'<p>1 - Insira o CD de instala&ccedil;&atilde;o.</p>\r\n\r\n<p>2 - aperte Ctr+Alt+Del</p>','2017-02-16 15:03:28','publicado'),(2,NULL,10,1,'Limpeza de Memória','aaa','protocolado','<p><strong>DE</strong>: Departamento de suporte a Gest&atilde;o&nbsp; &nbsp; &nbsp;&nbsp;<strong>PARA:</strong> Reitor<br />\r\n<strong>DE</strong>: Reitor &nbsp; &nbsp; &nbsp;<strong>PARA</strong>: Pro-Plan</p>\r\n','<p>Quando o assunto &eacute; manuten&ccedil;&atilde;o de computadores, cada pessoa possui uma esp&eacute;cie de f&oacute;rmula m&aacute;gica capaz de fazer um PC antigo render como novo. Algumas n&atilde;o passam de lenda, mas s&atilde;o defendidas com tanto fervor por muito tempo que acabam se tornando verdade, com o agravante de saber que o primo do vizinho de um amigo seu j&aacute; fez e funcionou.</p>\r\n\r\n<p>O problema dessas solu&ccedil;&otilde;es caseiras &eacute; que algumas s&atilde;o um tanto arriscadas e, em alguns casos, podem danificar seriamente seu computador. &Eacute; para isso que o portal Baixaki criou a se&ccedil;&atilde;o Mito ou Verdade, dedicada exclusivamente para saber at&eacute; que ponto o que se fala na internet e nos tutoriais de fundo de quintal &eacute; realidade.</p>\r\n\r\n<p>E o assunto a ser tratado hoje &eacute; algo que deixa muito usu&aacute;rio com um p&eacute; atr&aacute;s: limpar o pente de mem&oacute;ria com uma borracha melhora no desempenho do computador? Afinal, um objeto escolar t&atilde;o simples assim &eacute; capaz de fazer milagres? Descubra agora!</p>','2017-02-16 15:05:01','publicado'),(3,NULL,12,2,'Grimpagem de Cabo de Rede','aaa','processo','<p><strong>DE</strong>: Origem&nbsp;&nbsp;&nbsp;&nbsp;&nbsp;&nbsp;<strong>PARA:</strong> Destino<br />\r\n<strong>DE</strong>: Origem&nbsp;&nbsp;&nbsp;&nbsp;&nbsp;&nbsp;<strong>PARA</strong>: Destino</p>\r\n\r\n<p><strong>DE</strong>: Origem&nbsp;&nbsp;&nbsp;&nbsp;&nbsp;&nbsp;<strong>PARA:</strong> Destino<br />\r\n<strong>DE</strong>: Origem&nbsp;&nbsp;&nbsp;&nbsp;&nbsp;&nbsp;<strong>PARA</strong>: Destino</p>\r\n','<p><strong>Grimpagem de Cabo de Rede</strong></p>\r\n\r\n<p>O que &eacute; necess&aacute;rio para crimpar um cabo de rede?</p>\r\n\r\n<p>Come&ccedil;ando pelo come&ccedil;o&nbsp;, primeiramente voc&ecirc; dever&aacute; saber o que &eacute; necess&aacute;rio para continuar seguindo este tutorial. S&atilde;o materiais que podem ser facilmente encontrados em lojas de inform&aacute;tica e n&atilde;o tem pre&ccedil;o alto, veja a lista abaixo:</p>\r\n\r\n<p>Conectores</p>\r\n\r\n<p>Os conectores necess&aacute;rios para crimpar um&nbsp;<em>Cabo de Rede de Par Tran&ccedil;ado UTP CAT 5</em>&nbsp;corretamente, s&atilde;o os&nbsp;<strong>RJ-45</strong>, que tem 8 vias para&nbsp;<strong>cabos de 4 pares</strong>, mas tamb&eacute;m suportam cabos de&nbsp;<strong>2 pares</strong>, deixando 4 vias do conector sem nenhuma conex&atilde;o.</p>\r\n\r\n<p>&nbsp;</p>\r\n\r\n<p>Como voc&ecirc; pode notar na imagem acima, o conector tem partes met&aacute;licas que s&atilde;o destacadas em dourado para conectar-se nas placas de rede, existem encaixes que servem perfeitamente para cada fio dos pares, que ao total tamb&eacute;m s&atilde;o 8.</p>\r\n\r\n<p>Ao comprar um conector RJ-45, tome cuidado para n&atilde;o levar gato por lebre. Existem algumas marcas que s&atilde;o bem ruins e voc&ecirc; s&oacute; vai perceber isso quando for crimpar o cabo.</p>\r\n\r\n<p>V&aacute;rios conectores podem trincar ou chegar a quebrar com a press&atilde;o do alicate, o que mostra que ele &eacute; feito de um material n&atilde;o resistente. Portanto, converse com o vendedor, pergunte se ele j&aacute; crimpou algum cabo com aquele conector, se ele trinca ou &eacute; forte, e assim por diante.</p>\r\n\r\n<p>O que &eacute; necess&aacute;rio para crimpar um cabo de rede?</p>\r\n\r\n<p>Come&ccedil;ando pelo come&ccedil;o&nbsp;, primeiramente voc&ecirc; dever&aacute; saber o que &eacute; necess&aacute;rio para continuar seguindo este tutorial. S&atilde;o materiais que podem ser facilmente encontrados em lojas de inform&aacute;tica e n&atilde;o tem pre&ccedil;o alto, veja a lista abaixo:</p>\r\n\r\n<p>Conectores</p>\r\n\r\n<p>Os conectores necess&aacute;rios para crimpar um&nbsp;<em>Cabo de Rede de Par Tran&ccedil;ado UTP CAT 5</em>&nbsp;corretamente, s&atilde;o os&nbsp;<strong>RJ-45</strong>, que tem 8 vias para&nbsp;<strong>cabos de 4 pares</strong>, mas tamb&eacute;m suportam cabos de&nbsp;<strong>2 pares</strong>, deixando 4 vias do conector sem nenhuma conex&atilde;o.</p>\r\n\r\n<p>&nbsp;</p>\r\n\r\n<p>Como voc&ecirc; pode notar na imagem acima, o conector tem partes met&aacute;licas que s&atilde;o destacadas em dourado para conectar-se nas placas de rede, existem encaixes que servem perfeitamente para cada fio dos pares, que ao total tamb&eacute;m s&atilde;o 8.</p>\r\n\r\n<p>Ao comprar um conector RJ-45, tome cuidado para n&atilde;o levar gato por lebre. Existem algumas marcas que s&atilde;o bem ruins e voc&ecirc; s&oacute; vai perceber isso quando for crimpar o cabo.</p>\r\n\r\n<p>V&aacute;rios conectores podem trincar ou chegar a quebrar com a press&atilde;o do alicate, o que mostra que ele &eacute; feito de um material n&atilde;o resistente. Portanto, converse com o vendedor, pergunte se ele j&aacute; crimpou algum cabo com aquele conector, se ele trinca ou &eacute; forte, e assim por diante.</p>\r\n\r\n<p>O que &eacute; necess&aacute;rio para crimpar um cabo de rede?</p>\r\n\r\n<p>Come&ccedil;ando pelo come&ccedil;o&nbsp;, primeiramente voc&ecirc; dever&aacute; saber o que &eacute; necess&aacute;rio para continuar seguindo este tutorial. S&atilde;o materiais que podem ser facilmente encontrados em lojas de inform&aacute;tica e n&atilde;o tem pre&ccedil;o alto, veja a lista abaixo:</p>\r\n\r\n<p>Conectores</p>\r\n\r\n<p>Os conectores necess&aacute;rios para crimpar um&nbsp;<em>Cabo de Rede de Par Tran&ccedil;ado UTP CAT 5</em>&nbsp;corretamente, s&atilde;o os&nbsp;<strong>RJ-45</strong>, que tem 8 vias para&nbsp;<strong>cabos de 4 pares</strong>, mas tamb&eacute;m suportam cabos de&nbsp;<strong>2 pares</strong>, deixando 4 vias do conector sem nenhuma conex&atilde;o.</p>\r\n\r\n<p>&nbsp;</p>\r\n\r\n<p>Como voc&ecirc; pode notar na imagem acima, o conector tem partes met&aacute;licas que s&atilde;o destacadas em dourado para conectar-se nas placas de rede, existem encaixes que servem perfeitamente para cada fio dos pares, que ao total tamb&eacute;m s&atilde;o 8.</p>\r\n\r\n<p>Ao comprar um conector RJ-45, tome cuidado para n&atilde;o levar gato por lebre. Existem algumas marcas que s&atilde;o bem ruins e voc&ecirc; s&oacute; vai perceber isso quando for crimpar o cabo.</p>\r\n\r\n<p>V&aacute;rios conectores podem trincar ou chegar a quebrar com a press&atilde;o do alicate, o que mostra que ele &eacute; feito de um material n&atilde;o resistente. Portanto, converse com o vendedor, pergunte se ele j&aacute; crimpou algum cabo com aquele conector, se ele trinca ou &eacute; forte, e assim por diante.</p>','2017-02-16 15:05:03','publicado'),(7,1,10,1,'Formatação de PC 22222222','bbb','interno','<p><strong>DE</strong>: Origem&nbsp;&nbsp;&nbsp;&nbsp;&nbsp;&nbsp;<strong>PARA:</strong> Destino<br />\r\n<strong>DE</strong>: Origem&nbsp;&nbsp;&nbsp;&nbsp;&nbsp;&nbsp;<strong>PARA</strong>: Destino</p>\r\n','<p>1 - Insira o CD de instala&ccedil;&atilde;o.</p>\r\n\r\n<p>2 - aperte Ctr+Alt+Del</p>','0000-00-00 00:00:00','pendente'),(8,3,10,2,'Grimpagem de Cabo de Rede 22222','ccc','processo','<p><strong>DE</strong>: Origem&nbsp;&nbsp;&nbsp;&nbsp;&nbsp;&nbsp;<strong>PARA:</strong> Destino<br />\r\n<strong>DE</strong>: Origem&nbsp;&nbsp;&nbsp;&nbsp;&nbsp;&nbsp;<strong>PARA</strong>: Destino</p>\r\n\r\n<p><strong>DE</strong>: Origem&nbsp;&nbsp;&nbsp;&nbsp;&nbsp;&nbsp;<strong>PARA:</strong> Destino<br />\r\n<strong>DE</strong>: Origem&nbsp;&nbsp;&nbsp;&nbsp;&nbsp;&nbsp;<strong>PARA</strong>: Destino</p>\r\n','<p><strong>Grimpagem de Cabo de Rede</strong></p>\r\n\r\n<p>O que &eacute; necess&aacute;rio para crimpar um cabo de rede?</p>\r\n\r\n<p>Come&ccedil;ando pelo come&ccedil;o&nbsp;, primeiramente voc&ecirc; dever&aacute; saber o que &eacute; necess&aacute;rio para continuar seguindo este tutorial. S&atilde;o materiais que podem ser facilmente encontrados em lojas de inform&aacute;tica e n&atilde;o tem pre&ccedil;o alto, veja a lista abaixo:</p>\r\n\r\n<p>Conectores</p>\r\n\r\n<p>Os conectores necess&aacute;rios para crimpar um&nbsp;<em>Cabo de Rede de Par Tran&ccedil;ado UTP CAT 5</em>&nbsp;corretamente, s&atilde;o os&nbsp;<strong>RJ-45</strong>, que tem 8 vias para&nbsp;<strong>cabos de 4 pares</strong>, mas tamb&eacute;m suportam cabos de&nbsp;<strong>2 pares</strong>, deixando 4 vias do conector sem nenhuma conex&atilde;o</p>','0000-00-00 00:00:00','pendente'),(9,2,10,1,'Limpeza de Memória 2222','aaa','protocolado','<p><strong>DE</strong>: Departamento de suporte a Gest&atilde;o&nbsp; &nbsp; &nbsp;&nbsp;<strong>PARA:</strong> Reitor<br />\r\n<strong>DE</strong>: Reitor &nbsp; &nbsp; &nbsp;<strong>PARA</strong>: Pro-Plan</p>\r\n','<p>Quando o assunto &eacute; manuten&ccedil;&atilde;o de computadores, cada pessoa possui uma esp&eacute;cie de f&oacute;rmula m&aacute;gica capaz de fazer um PC antigo render como novo. Algumas n&atilde;o passam de lenda, mas s&atilde;o defendidas com tanto fervor por muito tempo que acabam se tornando verdade, com o agravante de saber que o primo do vizinho de um amigo seu j&aacute; fez e funcionou.</p>\r\n\r\n<p>O problema dessas solu&ccedil;&otilde;es caseiras &eacute; que algumas s&atilde;o um tanto arriscadas e, em alguns casos, podem danificar seriamente seu computador. &Eacute; para isso que o portal Baixaki criou a se&ccedil;&atilde;o Mito ou Verdade, dedicada exclusivamente para saber at&eacute; que ponto o que se fala na internet e nos tutoriais de fundo de quintal &eacute; realidade.</p>\r\n\r\n<p>E o assunto a ser tratado hoje &eacute; algo que deixa muito usu&aacute;rio com um p&eacute; atr&aacute;s: limpar o pente de mem&oacute;ria com uma borracha melhora no desempenho do computador? Afinal, um objeto escolar t&atilde;o simples assim &eacute; capaz de fazer milagres? Descubra agora!</p>','0000-00-00 00:00:00','pendente'),(10,1,10,1,'Formatação de PC','aaa','protocolado','<p><strong>DE</strong>: Origem&nbsp;&nbsp;&nbsp;&nbsp;&nbsp;&nbsp;<strong>PARA:</strong> Destino<br />\r\n<strong>DE</strong>: Origem&nbsp;&nbsp;&nbsp;&nbsp;&nbsp;&nbsp;<strong>PARA</strong>: Destino</p>\r\n','<p>1 - Insira o CD de instala&ccedil;&atilde;o.</p>\r\n\r\n<p>2 - aperte Ctr+Alt+Del</p>','0000-00-00 00:00:00','pendente');

#
# Structure for table "usuarios"
#

CREATE TABLE `usuarios` (
  `id` int(11) NOT NULL AUTO_INCREMENT,
  `nome` varchar(255) DEFAULT NULL,
  `usuario` varchar(100) DEFAULT NULL,
  `senha` varchar(100) DEFAULT NULL,
  `email` varchar(255) DEFAULT NULL,
  `matriculagraduacao` varchar(255) DEFAULT NULL,
  `matriculasiape` varchar(255) DEFAULT NULL,
  `tipo` varchar(255) DEFAULT NULL,
  `permissaoadministrativa` varchar(255) DEFAULT NULL,
  PRIMARY KEY (`id`)
) ENGINE=InnoDB AUTO_INCREMENT=15 DEFAULT CHARSET=utf8;

#
# Data for table "usuarios"
#

INSERT INTO `usuarios` VALUES (1,'Administrador','admin','admin','admin@admin.com',NULL,NULL,'administrador',NULL),(10,'Kleyton Barcelos Rangel de Oliveira','kleyton.oliveira','a966374226071211010be61cf7e407f1','kleyton.oliveira@ufes.br',NULL,'1850691','usuario',NULL),(11,'Josileia Curty de Oliveira','josileia.oliveira','ac5def06cb797752f4c62313dee0b61d','josileia.oliveira@ufes.br',NULL,'1680356','administrador',NULL),(12,'Paulo Alexandre Lobato','paulo.lobato','60e256641d08e4faf209a64f5dc1548b','paulo.lobato@ufes.br',NULL,'1835361','administrador',NULL),(13,'Joao Paulo Angeleti de Souza','joao.pa.souza','c3b1b14f2a0af85cc91dfc64da3adc1f','joao.pa.souza@aluno.ufes.br',NULL,NULL,'usuario',NULL),(14,'Ligiane Bornela de Souza Andrade','ligiane.souza','25585c0a58a0d46bb9e4a8f7568aa17c','ligiane.souza@ufes.br',NULL,'1574990',NULL,NULL);
